Project Name,Package Name,Type Name,MethodName,LOC,CC,PC
aem-modernize-tools,com.adobe.aem.modernize.component,ComponentRewriteRuleService,apply,0,1,3
aem-modernize-tools,com.adobe.aem.modernize.component,ComponentRewriteRuleService,apply,0,1,2
aem-modernize-tools,com.adobe.aem.modernize.component.impl,ComponentRewriteRuleServiceImpl,getSearchPaths,3,1,0
aem-modernize-tools,com.adobe.aem.modernize.component.impl,ComponentRewriteRuleServiceImpl,apply,16,2,3
aem-modernize-tools,com.adobe.aem.modernize.component.impl,ComponentRewriteRuleServiceImpl,apply,28,5,2
aem-modernize-tools,com.adobe.aem.modernize.component.impl,ComponentRewriteRuleServiceImpl,findPrevName,12,3,2
aem-modernize-tools,com.adobe.aem.modernize.component.impl,ComponentRewriteRuleServiceImpl,orderParent,17,4,3
aem-modernize-tools,com.adobe.aem.modernize.component.impl,ComponentRewriteRuleServiceImpl,bindRule,4,1,2
aem-modernize-tools,com.adobe.aem.modernize.component.impl,ComponentRewriteRuleServiceImpl,unbindRule,4,1,2
aem-modernize-tools,com.adobe.aem.modernize.component.impl,ComponentRewriteRuleServiceImpl,activate,3,1,1
aem-modernize-tools,com.adobe.aem.modernize.component.impl,ComponentTreeRewriter,rewrite,48,10,2
aem-modernize-tools,com.adobe.aem.modernize.component.impl,ComponentRewriteRuleServiceImplTest,beforeEach,23,2,0
aem-modernize-tools,com.adobe.aem.modernize.component.impl,ComponentRewriteRuleServiceImplTest,testShallowApply,27,1,0
aem-modernize-tools,com.adobe.aem.modernize.component.impl,ComponentRewriteRuleServiceImplTest,$init,4,1,1
aem-modernize-tools,com.adobe.aem.modernize.component.impl,ComponentRewriteRuleServiceImplTest,matches,3,1,1
aem-modernize-tools,com.adobe.aem.modernize.component.impl,ComponentRewriteRuleServiceImplTest,applyTo,4,1,2
aem-modernize-tools,com.adobe.aem.modernize.component.impl,ComponentRewriteRuleServiceImplTest,getRanking,3,1,0
aem-modernize-tools,com.adobe.aem.modernize.component.impl,ComponentRewriteRuleServiceImplTest,testDeepApply,16,1,0
aem-modernize-tools,com.adobe.aem.modernize.component.impl,ComponentRewriteRuleServiceImplTest,rewrite,6,1,2
aem-modernize-tools,com.adobe.aem.modernize.component.impl,ComponentRewriteRuleServiceOakTest,beforeEach,8,1,0
aem-modernize-tools,com.adobe.aem.modernize.component.impl,ComponentRewriteRuleServiceOakTest,testIssue_119_beginning,19,1,0
aem-modernize-tools,com.adobe.aem.modernize.component.impl,ComponentRewriteRuleServiceOakTest,testIssue_119_middle,19,1,0
aem-modernize-tools,com.adobe.aem.modernize.component.impl,ComponentRewriteRuleServiceOakTest,testIssue_119_end,19,1,0
aem-modernize-tools,com.adobe.aem.modernize.component.impl,ComponentRewriteRuleServiceOakTest,testShallowKeepsOrder,20,1,0
aem-modernize-tools,com.adobe.aem.modernize.component.impl,ComponentRewriteRuleServiceOakTest,testShallowAggregateKeepsOrder,18,1,0
aem-modernize-tools,com.adobe.aem.modernize.component.impl,ComponentRewriteRuleServiceOakTest,testShallowAggregateOnlyChild,11,1,0
aem-modernize-tools,com.adobe.aem.modernize.component.impl,ComponentRewriteRuleServiceOakTest,testShallowAggregateFirstNode,12,1,0
aem-modernize-tools,com.adobe.aem.modernize.component.impl,ComponentTreeRewriterTest,preservesOrder,24,1,0
aem-modernize-tools,com.adobe.aem.modernize.component.impl,ComponentTreeRewriterTest,skipsFinalPaths,20,1,0
aem-modernize-tools,com.adobe.aem.modernize.component.impl,ComponentTreeRewriterTest,infiniteLoop,12,1,0
aem-modernize-tools,com.adobe.aem.modernize.component.impl,ComponentTreeRewriterTest,SetRootFinalRewriteRule,3,1,1
aem-modernize-tools,com.adobe.aem.modernize.component.impl,ComponentTreeRewriterTest,getId,3,1,0
aem-modernize-tools,com.adobe.aem.modernize.component.impl,ComponentTreeRewriterTest,matches,6,2,1
aem-modernize-tools,com.adobe.aem.modernize.component.impl,ComponentTreeRewriterTest,applyTo,4,1,2
aem-modernize-tools,com.adobe.aem.modernize.component.impl,ComponentTreeRewriterTest,getId,3,1,0
aem-modernize-tools,com.adobe.aem.modernize.component.impl,ComponentTreeRewriterTest,matches,3,1,1
aem-modernize-tools,com.adobe.aem.modernize.component.impl,ComponentTreeRewriterTest,applyTo,4,1,2
aem-modernize-tools,com.adobe.aem.modernize.component.impl,SetRootFinalRewriteRule,SetRootFinalRewriteRule,3,1,1
aem-modernize-tools,com.adobe.aem.modernize.component.impl,SetRootFinalRewriteRule,getId,3,1,0
aem-modernize-tools,com.adobe.aem.modernize.component.impl,SetRootFinalRewriteRule,matches,6,2,1
aem-modernize-tools,com.adobe.aem.modernize.component.impl,SetRootFinalRewriteRule,applyTo,4,1,2
aem-modernize-tools,com.adobe.aem.modernize.component.impl,NoOpRewriteRule,getId,3,1,0
aem-modernize-tools,com.adobe.aem.modernize.component.impl,NoOpRewriteRule,matches,3,1,1
aem-modernize-tools,com.adobe.aem.modernize.component.impl,NoOpRewriteRule,applyTo,4,1,2
aem-modernize-tools,com.adobe.aem.modernize.component.job,ComponentJobExecutor,doProcess,33,5,3
aem-modernize-tools,com.adobe.aem.modernize.component.job,ComponentJobExecutor,getResourceResolverFactory,3,1,0
aem-modernize-tools,com.adobe.aem.modernize.component.job,ComponentJobExecutorTest,beforeEach,6,1,0
aem-modernize-tools,com.adobe.aem.modernize.component.job,ComponentJobExecutorTest,testDoProcessSuccesses,23,1,0
aem-modernize-tools,com.adobe.aem.modernize.component.job,ComponentJobExecutorTest,testDoProcessFailures,23,1,0
aem-modernize-tools,com.adobe.aem.modernize.component.rule,ColumnControlRewriteRule,getTitle,10,2,0
aem-modernize-tools,com.adobe.aem.modernize.component.rule,ColumnControlRewriteRule,getId,3,1,0
aem-modernize-tools,com.adobe.aem.modernize.component.rule,ColumnControlRewriteRule,matches,26,5,1
aem-modernize-tools,com.adobe.aem.modernize.component.rule,ColumnControlRewriteRule,applyTo,8,2,2
aem-modernize-tools,com.adobe.aem.modernize.component.rule,ColumnControlRewriteRule,getRanking,3,1,0
aem-modernize-tools,com.adobe.aem.modernize.component.rule,ColumnControlRewriteRule,processResponsiveGrid,57,11,1
aem-modernize-tools,com.adobe.aem.modernize.component.rule,ColumnControlRewriteRule,processContainer,32,6,2
aem-modernize-tools,com.adobe.aem.modernize.component.rule,ColumnControlRewriteRule,getColumnContent,20,4,1
aem-modernize-tools,com.adobe.aem.modernize.component.rule,ColumnControlRewriteRule,isColumnNode,6,2,1
aem-modernize-tools,com.adobe.aem.modernize.component.rule,ColumnControlRewriteRule,addResponsive,18,5,4
aem-modernize-tools,com.adobe.aem.modernize.component.rule,ColumnControlRewriteRule,findFirstColumn,22,6,1
aem-modernize-tools,com.adobe.aem.modernize.component.rule,ColumnControlRewriteRule,findMatches,23,4,1
aem-modernize-tools,com.adobe.aem.modernize.component.rule,ColumnControlRewriteRule,visit,15,4,1
aem-modernize-tools,com.adobe.aem.modernize.component.rule,ColumnControlRewriteRule,hasPattern,4,1,1
aem-modernize-tools,com.adobe.aem.modernize.component.rule,ColumnControlRewriteRule,activate,55,10,2
aem-modernize-tools,com.adobe.aem.modernize.component.rule,ColumnControlRewriteRuleTest,checkResponsive,12,1,1
aem-modernize-tools,com.adobe.aem.modernize.component.rule,ColumnControlRewriteRuleTest,beforeEach,4,1,0
aem-modernize-tools,com.adobe.aem.modernize.component.rule,ColumnControlRewriteRuleTest,activation,43,1,0
aem-modernize-tools,com.adobe.aem.modernize.component.rule,ColumnControlRewriteRuleTest,findMatches,26,1,0
aem-modernize-tools,com.adobe.aem.modernize.component.rule,ColumnControlRewriteRuleTest,getResourceResolver,3,1,1
aem-modernize-tools,com.adobe.aem.modernize.component.rule,ColumnControlRewriteRuleTest,hasPattern,11,1,0
aem-modernize-tools,com.adobe.aem.modernize.component.rule,ColumnControlRewriteRuleTest,matches,27,1,0
aem-modernize-tools,com.adobe.aem.modernize.component.rule,ColumnControlRewriteRuleTest,getResourceResolver,3,1,1
aem-modernize-tools,com.adobe.aem.modernize.component.rule,ColumnControlRewriteRuleTest,close,2,1,0
aem-modernize-tools,com.adobe.aem.modernize.component.rule,ColumnControlRewriteRuleTest,responsiveGridEqual,49,1,0
aem-modernize-tools,com.adobe.aem.modernize.component.rule,ColumnControlRewriteRuleTest,getResourceResolver,3,1,1
aem-modernize-tools,com.adobe.aem.modernize.component.rule,ColumnControlRewriteRuleTest,close,2,1,0
aem-modernize-tools,com.adobe.aem.modernize.component.rule,ColumnControlRewriteRuleTest,responsiveGridExtraFirst,56,1,0
aem-modernize-tools,com.adobe.aem.modernize.component.rule,ColumnControlRewriteRuleTest,getResourceResolver,3,1,1
aem-modernize-tools,com.adobe.aem.modernize.component.rule,ColumnControlRewriteRuleTest,close,2,1,0
aem-modernize-tools,com.adobe.aem.modernize.component.rule,ColumnControlRewriteRuleTest,responsiveGridExtraSecond,127,1,0
aem-modernize-tools,com.adobe.aem.modernize.component.rule,ColumnControlRewriteRuleTest,getResourceResolver,3,1,1
aem-modernize-tools,com.adobe.aem.modernize.component.rule,ColumnControlRewriteRuleTest,close,2,1,0
aem-modernize-tools,com.adobe.aem.modernize.component.rule,ColumnControlRewriteRuleTest,responsiveGridExtraMiddle,104,1,0
aem-modernize-tools,com.adobe.aem.modernize.component.rule,ColumnControlRewriteRuleTest,getResourceResolver,3,1,1
aem-modernize-tools,com.adobe.aem.modernize.component.rule,ColumnControlRewriteRuleTest,close,2,1,0
aem-modernize-tools,com.adobe.aem.modernize.component.rule,ColumnControlRewriteRuleTest,container,65,1,0
aem-modernize-tools,com.adobe.aem.modernize.component.rule,ColumnControlRewriteRuleTest,getResourceResolver,3,1,1
aem-modernize-tools,com.adobe.aem.modernize.component.rule,ColumnControlRewriteRuleTest,close,2,1,0
aem-modernize-tools,com.adobe.aem.modernize.component.rule,ColumnControlTreeRewriteTest,beforeEach,5,1,0
aem-modernize-tools,com.adobe.aem.modernize.component.rule,ColumnControlTreeRewriteTest,test,44,1,0
aem-modernize-tools,com.adobe.aem.modernize.component.rule,ColumnControlTreeRewriteTest,getResourceResolver,3,1,1
aem-modernize-tools,com.adobe.aem.modernize.component.rule,ColumnControlTreeRewriteTest,close,2,1,0
aem-modernize-tools,com.adobe.aem.modernize.component.rule,ParsysComponentNodeBasedRuleTest,beforeEach,4,1,0
aem-modernize-tools,com.adobe.aem.modernize.component.rule,ParsysComponentNodeBasedRuleTest,testConversion,26,1,0
aem-modernize-tools,com.adobe.aem.modernize.form.job,FormConversionJobExecutor,doProcess,55,7,3
aem-modernize-tools,com.adobe.aem.modernize.form.job,FormConversionJobExecutor,getResourceResolverFactory,3,1,0
aem-modernize-tools,com.adobe.aem.modernize.form.job,FormConversionJobExecutor,getFormsAssetPathFromPagePath,3,1,1
aem-modernize-tools,com.adobe.aem.modernize.form.job,FormConversionJobExecutorTest,beforeEach,12,1,0
aem-modernize-tools,com.adobe.aem.modernize.form.job,FormConversionJobExecutorTest,testPathsNotForm,17,1,0
aem-modernize-tools,com.adobe.aem.modernize.form.job,FormConversionJobExecutorTest,testSourceRootMissing,20,1,0
aem-modernize-tools,com.adobe.aem.modernize.form.job,FormConversionJobExecutorTest,createVersionManagementFails,29,1,0
aem-modernize-tools,com.adobe.aem.modernize.form.job,FormConversionJobExecutorTest,createRevision,3,1,3
aem-modernize-tools,com.adobe.aem.modernize.form.job,FormConversionJobExecutorTest,restore,3,1,2
aem-modernize-tools,com.adobe.aem.modernize.form.job,FormConversionJobExecutorTest,testWhenFormCopyFails,34,1,0
aem-modernize-tools,com.adobe.aem.modernize.form.job,FormConversionJobExecutorTest,createRevision,6,1,3
aem-modernize-tools,com.adobe.aem.modernize.form.job,FormConversionJobExecutorTest,copy,3,1,6
aem-modernize-tools,com.adobe.aem.modernize.form.job,FormConversionJobExecutorTest,doProcessNoReprocess,51,1,0
aem-modernize-tools,com.adobe.aem.modernize.form.job,FormConversionJobExecutorTest,createRevision,6,1,3
aem-modernize-tools,com.adobe.aem.modernize.form.job,FormConversionJobExecutorTest,copy,5,1,6
aem-modernize-tools,com.adobe.aem.modernize.form.job,FormConversionJobExecutorTest,doProcessReprocess,49,2,0
aem-modernize-tools,com.adobe.aem.modernize.form.job,FormConversionJobExecutorTest,createRevision,6,1,3
aem-modernize-tools,com.adobe.aem.modernize.form.job,FormConversionJobExecutorTest,restore,7,2,2
aem-modernize-tools,com.adobe.aem.modernize.impl,ListPageVisitor,ListPageVisitor,3,1,0
aem-modernize-tools,com.adobe.aem.modernize.impl,ListPageVisitor,ListPageVisitor,3,1,1
aem-modernize-tools,com.adobe.aem.modernize.impl,ListPageVisitor,visit,5,2,1
aem-modernize-tools,com.adobe.aem.modernize.impl,ListPageVisitor,traverseChildren,11,4,1
aem-modernize-tools,com.adobe.aem.modernize.impl,ListPageVisitor,getPaths,3,1,0
aem-modernize-tools,com.adobe.aem.modernize.impl,RewriteUtils,updateReferences,25,6,3
aem-modernize-tools,com.adobe.aem.modernize.impl,RewriteUtils,restore,9,2,2
aem-modernize-tools,com.adobe.aem.modernize.impl,RewriteUtils,createVersion,10,2,2
aem-modernize-tools,com.adobe.aem.modernize.impl,RewriteUtils,copyPage,8,2,4
aem-modernize-tools,com.adobe.aem.modernize.impl,ListPageVisitorTest,beforeEach,3,1,0
aem-modernize-tools,com.adobe.aem.modernize.impl,ListPageVisitorTest,testVisit,11,1,0
aem-modernize-tools,com.adobe.aem.modernize.impl,ListPageVisitorTest,testVisitDepth,12,1,0
aem-modernize-tools,com.adobe.aem.modernize.impl,RewriteUtilsTest,beforeEach,3,1,0
aem-modernize-tools,com.adobe.aem.modernize.impl,RewriteUtilsTest,updateReferences,34,1,0
aem-modernize-tools,com.adobe.aem.modernize.job,AbstractConversionJobExecutor,process,47,5,2
aem-modernize-tools,com.adobe.aem.modernize.job,AbstractConversionJobExecutor,login,3,1,0
aem-modernize-tools,com.adobe.aem.modernize.job,AbstractConversionJobExecutor,updateTracking,6,1,2
aem-modernize-tools,com.adobe.aem.modernize.job,AbstractConversionJobExecutor,updateBucket,8,1,2
aem-modernize-tools,com.adobe.aem.modernize.job,AbstractConversionJobExecutor,logFinish,4,1,2
aem-modernize-tools,com.adobe.aem.modernize.job,AbstractConversionJobExecutor,attemptTrackingUpdate,12,2,1
aem-modernize-tools,com.adobe.aem.modernize.job,AbstractConversionJobExecutor,getTrackingInfo,11,3,1
aem-modernize-tools,com.adobe.aem.modernize.job,AbstractConversionJobExecutor,isOverwrite,7,2,1
aem-modernize-tools,com.adobe.aem.modernize.job,AbstractConversionJobExecutor,getPageHandling,12,2,1
aem-modernize-tools,com.adobe.aem.modernize.job,AbstractConversionJobExecutor,getTargetConfPath,7,2,1
aem-modernize-tools,com.adobe.aem.modernize.job,AbstractConversionJobExecutor,getSourceRoot,7,2,1
aem-modernize-tools,com.adobe.aem.modernize.job,AbstractConversionJobExecutor,getTargetRoot,7,2,1
aem-modernize-tools,com.adobe.aem.modernize.job,AbstractConversionJobExecutor,getTemplateRules,3,1,1
aem-modernize-tools,com.adobe.aem.modernize.job,AbstractConversionJobExecutor,getPolicyRules,3,1,1
aem-modernize-tools,com.adobe.aem.modernize.job,AbstractConversionJobExecutor,getComponentRules,3,1,1
aem-modernize-tools,com.adobe.aem.modernize.job,AbstractConversionJobExecutor,getRules,14,4,2
aem-modernize-tools,com.adobe.aem.modernize.job,AbstractConversionJobExecutor,doProcess,0,1,3
aem-modernize-tools,com.adobe.aem.modernize.job,AbstractConversionJobExecutor,getResourceResolverFactory,0,1,0
aem-modernize-tools,com.adobe.aem.modernize.job,FullConversionJobExecutor,doProcess,64,10,3
aem-modernize-tools,com.adobe.aem.modernize.job,FullConversionJobExecutor,getResourceResolverFactory,3,1,0
aem-modernize-tools,com.adobe.aem.modernize.job,FullConversionJobExecutor,importPolicies,37,6,5
aem-modernize-tools,com.adobe.aem.modernize.job,FullConversionJobExecutor,visit,30,6,1
aem-modernize-tools,com.adobe.aem.modernize.job,FullConversionJobExecutor,applyPolicies,34,4,3
aem-modernize-tools,com.adobe.aem.modernize.job,FullConversionJobExecutor,visit,24,4,1
aem-modernize-tools,com.adobe.aem.modernize.job,FullConversionJobExecutor,fixChildrenOrder,12,2,1
aem-modernize-tools,com.adobe.aem.modernize.job,AbstractConversionJobExecutorTest,beforeEach,3,1,0
aem-modernize-tools,com.adobe.aem.modernize.job,AbstractConversionJobExecutorTest,setupResult,18,2,1
aem-modernize-tools,com.adobe.aem.modernize.job,AbstractConversionJobExecutorTest,testMissingTrackingPath,5,1,0
aem-modernize-tools,com.adobe.aem.modernize.job,AbstractConversionJobExecutorTest,testLoginFails,19,1,0
aem-modernize-tools,com.adobe.aem.modernize.job,AbstractConversionJobExecutorTest,getServiceResourceResolver,3,1,1
aem-modernize-tools,com.adobe.aem.modernize.job,AbstractConversionJobExecutorTest,testTrackingNotFound,13,1,0
aem-modernize-tools,com.adobe.aem.modernize.job,AbstractConversionJobExecutorTest,testCommitFails,25,1,0
aem-modernize-tools,com.adobe.aem.modernize.job,AbstractConversionJobExecutorTest,commit,3,1,0
aem-modernize-tools,com.adobe.aem.modernize.job,AbstractConversionJobExecutorTest,revert,2,1,0
aem-modernize-tools,com.adobe.aem.modernize.job,AbstractConversionJobExecutorTest,testSavesJobData,27,1,0
aem-modernize-tools,com.adobe.aem.modernize.job,AbstractConversionJobExecutorTest,doProcess,5,1,3
aem-modernize-tools,com.adobe.aem.modernize.job,AbstractConversionJobExecutorTest,getResourceResolverFactory,3,1,0
aem-modernize-tools,com.adobe.aem.modernize.job,NoOpJobExecutor,doProcess,5,1,3
aem-modernize-tools,com.adobe.aem.modernize.job,NoOpJobExecutor,getResourceResolverFactory,3,1,0
aem-modernize-tools,com.adobe.aem.modernize.job,FullConversionJobExecutorTest,beforeEach,22,1,0
aem-modernize-tools,com.adobe.aem.modernize.job,FullConversionJobExecutorTest,testPathsNotPage,17,1,0
aem-modernize-tools,com.adobe.aem.modernize.job,FullConversionJobExecutorTest,createVersionManagementFails,41,2,0
aem-modernize-tools,com.adobe.aem.modernize.job,FullConversionJobExecutorTest,createRevision,3,1,3
aem-modernize-tools,com.adobe.aem.modernize.job,FullConversionJobExecutorTest,restore,3,1,2
aem-modernize-tools,com.adobe.aem.modernize.job,FullConversionJobExecutorTest,adaptTo,8,2,2
aem-modernize-tools,com.adobe.aem.modernize.job,FullConversionJobExecutorTest,doProcessNoReprocess,124,6,0
aem-modernize-tools,com.adobe.aem.modernize.job,FullConversionJobExecutorTest,createRevision,6,1,3
aem-modernize-tools,com.adobe.aem.modernize.job,FullConversionJobExecutorTest,copy,5,1,6
aem-modernize-tools,com.adobe.aem.modernize.job,FullConversionJobExecutorTest,adaptTo,8,2,2
aem-modernize-tools,com.adobe.aem.modernize.job,FullConversionJobExecutorTest,delegate,9,3,1
aem-modernize-tools,com.adobe.aem.modernize.job,FullConversionJobExecutorTest,delegate,3,1,0
aem-modernize-tools,com.adobe.aem.modernize.job,FullConversionJobExecutorTest,delegate,6,2,2
aem-modernize-tools,com.adobe.aem.modernize.job,FullConversionJobExecutorTest,delegate,6,2,2
aem-modernize-tools,com.adobe.aem.modernize.job,FullConversionJobExecutorTest,doProcessReprocess,124,7,0
aem-modernize-tools,com.adobe.aem.modernize.job,FullConversionJobExecutorTest,createRevision,6,1,3
aem-modernize-tools,com.adobe.aem.modernize.job,FullConversionJobExecutorTest,restore,7,2,2
aem-modernize-tools,com.adobe.aem.modernize.job,FullConversionJobExecutorTest,adaptTo,8,2,2
aem-modernize-tools,com.adobe.aem.modernize.job,FullConversionJobExecutorTest,delegate,9,3,1
aem-modernize-tools,com.adobe.aem.modernize.job,FullConversionJobExecutorTest,delegate,3,1,0
aem-modernize-tools,com.adobe.aem.modernize.job,FullConversionJobExecutorTest,delegate,6,2,2
aem-modernize-tools,com.adobe.aem.modernize.job,FullConversionJobExecutorTest,delegate,6,2,2
aem-modernize-tools,com.adobe.aem.modernize.job.datasource,ConversionJobBucketDataSource,doGet,28,4,2
aem-modernize-tools,com.adobe.aem.modernize.job.datasource,ConversionJobBucketDataSource,buildDataSource,29,4,4
aem-modernize-tools,com.adobe.aem.modernize.job.datasource,ConversionJobDataSource,doGet,29,5,2
aem-modernize-tools,com.adobe.aem.modernize.job.datasource,ConversionJobDataSource,findJobs,39,4,4
aem-modernize-tools,com.adobe.aem.modernize.job.datasource,ConversionJobDataSource,buildDataSource,50,7,4
aem-modernize-tools,com.adobe.aem.modernize.job.datasource,ConversionJobBucketDataSourceTest,beforeAll,4,1,0
aem-modernize-tools,com.adobe.aem.modernize.job.datasource,ConversionJobBucketDataSourceTest,beforeEach,7,1,0
aem-modernize-tools,com.adobe.aem.modernize.job.datasource,ConversionJobBucketDataSourceTest,testNoPath,8,1,0
aem-modernize-tools,com.adobe.aem.modernize.job.datasource,ConversionJobBucketDataSourceTest,testPathNotFound,10,1,0
aem-modernize-tools,com.adobe.aem.modernize.job.datasource,ConversionJobBucketDataSourceTest,testBucket,46,1,0
aem-modernize-tools,com.adobe.aem.modernize.job.datasource,ConversionJobBucketDataSourceTest,testBucket2,31,1,0
aem-modernize-tools,com.adobe.aem.modernize.job.datasource,ConversionJobDataSourceTest,beforeAll,4,1,0
aem-modernize-tools,com.adobe.aem.modernize.job.datasource,ConversionJobDataSourceTest,beforeEach,8,1,0
aem-modernize-tools,com.adobe.aem.modernize.job.datasource,ConversionJobDataSourceTest,testNoPath,8,1,0
aem-modernize-tools,com.adobe.aem.modernize.job.datasource,ConversionJobDataSourceTest,testNoJobResourceType,8,1,0
aem-modernize-tools,com.adobe.aem.modernize.job.datasource,ConversionJobDataSourceTest,testNoItemResourceType,8,1,0
aem-modernize-tools,com.adobe.aem.modernize.job.datasource,ConversionJobDataSourceTest,testUnresolvedSearchRoot,9,1,0
aem-modernize-tools,com.adobe.aem.modernize.job.datasource,ConversionJobDataSourceTest,testFindJobsQueryFails,26,1,2
aem-modernize-tools,com.adobe.aem.modernize.job.datasource,ConversionJobDataSourceTest,testNoMatches,24,1,2
aem-modernize-tools,com.adobe.aem.modernize.job.datasource,ConversionJobDataSourceTest,testFindJobs,80,1,2
aem-modernize-tools,com.adobe.aem.modernize.job.datasource,ConversionJobDataSourceTest,close,3,1,0
aem-modernize-tools,com.adobe.aem.modernize.job.datasource,ConversionJobDataSourceTest,buildHits,9,1,0
aem-modernize-tools,com.adobe.aem.modernize.model,ConversionJob,getType,3,1,0
aem-modernize-tools,com.adobe.aem.modernize.model,ConversionJob,getStatus,41,12,0
aem-modernize-tools,com.adobe.aem.modernize.model,ConversionJob,getPriorityJob,16,5,0
aem-modernize-tools,com.adobe.aem.modernize.model,ConversionJob,Type,3,1,1
aem-modernize-tools,com.adobe.aem.modernize.model,ConversionJob,getTopic,3,1,0
aem-modernize-tools,com.adobe.aem.modernize.model,ConversionJobBucket,getStatus,24,6,0
aem-modernize-tools,com.adobe.aem.modernize.model,ConversionJobNavItem,init,9,2,0
aem-modernize-tools,com.adobe.aem.modernize.model,ConversionJobNavItem,getNavBuckets,11,3,0
aem-modernize-tools,com.adobe.aem.modernize.model,ConversionJobNavItem,getIcon,16,6,0
aem-modernize-tools,com.adobe.aem.modernize.model,ConversionJobNavItem,getStatusClass,14,6,0
aem-modernize-tools,com.adobe.aem.modernize.model,ConversionJobBucketNavItem,getIcon,16,6,0
aem-modernize-tools,com.adobe.aem.modernize.model,ConversionJobBucketNavItem,getStatusClass,14,6,0
aem-modernize-tools,com.adobe.aem.modernize,RewriteException,RewriteException,3,1,1
aem-modernize-tools,com.adobe.aem.modernize,RewriteException,RewriteException,3,1,2
aem-modernize-tools,com.adobe.aem.modernize,MockHit,MockHit,3,1,1
aem-modernize-tools,com.adobe.aem.modernize,MockHit,getResource,3,1,0
aem-modernize-tools,com.adobe.aem.modernize,MockHit,getNode,3,1,0
aem-modernize-tools,com.adobe.aem.modernize,MockHit,getPath,3,1,0
aem-modernize-tools,com.adobe.aem.modernize,MockHit,getProperties,3,1,0
aem-modernize-tools,com.adobe.aem.modernize,MockHit,getIndex,3,1,0
aem-modernize-tools,com.adobe.aem.modernize,MockHit,getExcerpts,3,1,0
aem-modernize-tools,com.adobe.aem.modernize,MockHit,getExcerpt,3,1,0
aem-modernize-tools,com.adobe.aem.modernize,MockHit,getTitle,3,1,0
aem-modernize-tools,com.adobe.aem.modernize,MockHit,getScore,3,1,0
aem-modernize-tools,com.adobe.aem.modernize,MockRule,MockRule,3,1,1
aem-modernize-tools,com.adobe.aem.modernize,MockRule,getId,3,1,0
aem-modernize-tools,com.adobe.aem.modernize,MockRule,matches,3,1,1
aem-modernize-tools,com.adobe.aem.modernize,MockRule,applyTo,3,1,2
aem-modernize-tools,com.adobe.aem.modernize,MockRule,hashCode,3,1,0
aem-modernize-tools,com.adobe.aem.modernize,MockRule,equals,3,1,1
aem-modernize-tools,com.adobe.aem.modernize,MockStyle,MockStyle,3,1,3
aem-modernize-tools,com.adobe.aem.modernize,MockStyle,MockStyle,11,2,4
aem-modernize-tools,com.adobe.aem.modernize,MockStyle,getPath,3,1,0
aem-modernize-tools,com.adobe.aem.modernize,MockStyle,getCell,3,1,0
aem-modernize-tools,com.adobe.aem.modernize,MockStyle,getDefiningResource,3,1,1
aem-modernize-tools,com.adobe.aem.modernize,MockStyle,getDefiningPath,3,1,1
aem-modernize-tools,com.adobe.aem.modernize,MockStyle,getSubStyle,3,1,1
aem-modernize-tools,com.adobe.aem.modernize.policy.impl,PolicyImportRuleServiceImpl,getSearchPaths,3,1,0
aem-modernize-tools,com.adobe.aem.modernize.policy.impl,PolicyImportRuleServiceImpl,getNodeRule,9,1,1
aem-modernize-tools,com.adobe.aem.modernize.policy.impl,PolicyImportRuleServiceImpl,apply,15,2,5
aem-modernize-tools,com.adobe.aem.modernize.policy.impl,PolicyImportRuleServiceImpl,apply,30,6,4
aem-modernize-tools,com.adobe.aem.modernize.policy.impl,PolicyImportRuleServiceImpl,populateMetadata,9,3,1
aem-modernize-tools,com.adobe.aem.modernize.policy.impl,PolicyImportRuleServiceImpl,createPolicy,31,6,4
aem-modernize-tools,com.adobe.aem.modernize.policy.impl,PolicyImportRuleServiceImpl,bindRule,4,1,2
aem-modernize-tools,com.adobe.aem.modernize.policy.impl,PolicyImportRuleServiceImpl,unbindRule,4,1,2
aem-modernize-tools,com.adobe.aem.modernize.policy.impl,PolicyImportRuleServiceImpl,activate,3,1,1
aem-modernize-tools,com.adobe.aem.modernize.policy.impl,PolicyTreeImporter,importStyles,19,6,4
aem-modernize-tools,com.adobe.aem.modernize.policy.impl,PolicyTreeImporter,importStyle,20,5,5
aem-modernize-tools,com.adobe.aem.modernize.policy.impl,PolicyTreeImporter,moveTo,18,4,3
aem-modernize-tools,com.adobe.aem.modernize.policy.impl,PolicyImportRuleServiceImplTest,beforeEach,22,2,0
aem-modernize-tools,com.adobe.aem.modernize.policy.impl,PolicyImportRuleServiceImplTest,testShallowApply,35,1,0
aem-modernize-tools,com.adobe.aem.modernize.policy.impl,PolicyImportRuleServiceImplTest,$init,4,1,1
aem-modernize-tools,com.adobe.aem.modernize.policy.impl,PolicyImportRuleServiceImplTest,matches,3,1,1
aem-modernize-tools,com.adobe.aem.modernize.policy.impl,PolicyImportRuleServiceImplTest,applyTo,4,1,2
aem-modernize-tools,com.adobe.aem.modernize.policy.impl,PolicyImportRuleServiceImplTest,getRanking,3,1,0
aem-modernize-tools,com.adobe.aem.modernize.policy.impl,PolicyImportRuleServiceImplTest,testOverrideShallow,35,1,0
aem-modernize-tools,com.adobe.aem.modernize.policy.impl,PolicyImportRuleServiceImplTest,$init,4,1,1
aem-modernize-tools,com.adobe.aem.modernize.policy.impl,PolicyImportRuleServiceImplTest,matches,3,1,1
aem-modernize-tools,com.adobe.aem.modernize.policy.impl,PolicyImportRuleServiceImplTest,applyTo,4,1,2
aem-modernize-tools,com.adobe.aem.modernize.policy.impl,PolicyImportRuleServiceImplTest,getRanking,3,1,0
aem-modernize-tools,com.adobe.aem.modernize.policy.impl,PolicyImportRuleServiceImplTest,testNotOverriddenShallow,28,1,0
aem-modernize-tools,com.adobe.aem.modernize.policy.impl,PolicyImportRuleServiceImplTest,$init,4,1,1
aem-modernize-tools,com.adobe.aem.modernize.policy.impl,PolicyImportRuleServiceImplTest,matches,3,1,1
aem-modernize-tools,com.adobe.aem.modernize.policy.impl,PolicyImportRuleServiceImplTest,applyTo,4,1,2
aem-modernize-tools,com.adobe.aem.modernize.policy.impl,PolicyImportRuleServiceImplTest,getRanking,3,1,0
aem-modernize-tools,com.adobe.aem.modernize.policy.impl,PolicyImportRuleServiceImplTest,testDeepApply,16,1,0
aem-modernize-tools,com.adobe.aem.modernize.policy.impl,PolicyImportRuleServiceImplTest,importStyles,7,1,3
aem-modernize-tools,com.adobe.aem.modernize.policy.impl,PolicyTreeImporterTest,beforeEach,4,1,0
aem-modernize-tools,com.adobe.aem.modernize.policy.impl,PolicyTreeImporterTest,skipsFinal,23,2,0
aem-modernize-tools,com.adobe.aem.modernize.policy.impl,PolicyTreeImporterTest,setsMeta,24,1,0
aem-modernize-tools,com.adobe.aem.modernize.policy.impl,PolicyTreeImporterTest,skipsSetMeta,21,1,0
aem-modernize-tools,com.adobe.aem.modernize.policy.impl,PolicyTreeImporterTest,skipsImported,19,2,0
aem-modernize-tools,com.adobe.aem.modernize.policy.impl,PolicyTreeImporterTest,overridesImported,22,3,0
aem-modernize-tools,com.adobe.aem.modernize.policy.impl,PolicyTreeImporterTest,FinalRewriteRule,3,1,1
aem-modernize-tools,com.adobe.aem.modernize.policy.impl,PolicyTreeImporterTest,getId,3,1,0
aem-modernize-tools,com.adobe.aem.modernize.policy.impl,PolicyTreeImporterTest,matches,3,1,1
aem-modernize-tools,com.adobe.aem.modernize.policy.impl,PolicyTreeImporterTest,applyTo,8,2,2
aem-modernize-tools,com.adobe.aem.modernize.policy.impl,PolicyTreeImporterTest,MappedRewriteRile,3,1,1
aem-modernize-tools,com.adobe.aem.modernize.policy.impl,PolicyTreeImporterTest,getId,3,1,0
aem-modernize-tools,com.adobe.aem.modernize.policy.impl,PolicyTreeImporterTest,matches,3,1,1
aem-modernize-tools,com.adobe.aem.modernize.policy.impl,PolicyTreeImporterTest,applyTo,3,1,2
aem-modernize-tools,com.adobe.aem.modernize.policy.impl,FinalRewriteRule,FinalRewriteRule,3,1,1
aem-modernize-tools,com.adobe.aem.modernize.policy.impl,FinalRewriteRule,getId,3,1,0
aem-modernize-tools,com.adobe.aem.modernize.policy.impl,FinalRewriteRule,matches,3,1,1
aem-modernize-tools,com.adobe.aem.modernize.policy.impl,FinalRewriteRule,applyTo,8,2,2
aem-modernize-tools,com.adobe.aem.modernize.policy.impl,MappedRewriteRile,MappedRewriteRile,3,1,1
aem-modernize-tools,com.adobe.aem.modernize.policy.impl,MappedRewriteRile,getId,3,1,0
aem-modernize-tools,com.adobe.aem.modernize.policy.impl,MappedRewriteRile,matches,3,1,1
aem-modernize-tools,com.adobe.aem.modernize.policy.impl,MappedRewriteRile,applyTo,3,1,2
aem-modernize-tools,com.adobe.aem.modernize.policy.job,PolicyJobExecutor,doProcess,38,6,3
aem-modernize-tools,com.adobe.aem.modernize.policy.job,PolicyJobExecutor,getResourceResolverFactory,3,1,0
aem-modernize-tools,com.adobe.aem.modernize.policy.job,PolicyJobExecutorTest,beforeEach,6,1,0
aem-modernize-tools,com.adobe.aem.modernize.policy.job,PolicyJobExecutorTest,testProcessSuccessesNoOverwrite,23,1,0
aem-modernize-tools,com.adobe.aem.modernize.policy.job,PolicyJobExecutorTest,testProcessSuccessesOverwrite,23,1,0
aem-modernize-tools,com.adobe.aem.modernize.policy.job,PolicyJobExecutorTest,testDoProcessFailures,23,1,0
aem-modernize-tools,com.adobe.aem.modernize.policy,PolicyImportRule,applyTo,0,1,2
aem-modernize-tools,com.adobe.aem.modernize.policy,PolicyImportRuleService,apply,0,1,5
aem-modernize-tools,com.adobe.aem.modernize.policy,PolicyImportRuleService,apply,0,1,4
aem-modernize-tools,com.adobe.aem.modernize.policy.rule.impl,NodeBasedPolicyImportRule,NodeBasedPolicyImportRule,3,1,1
aem-modernize-tools,com.adobe.aem.modernize.policy.rule.impl,NodeBasedPolicyImportRule,applyTo,6,1,2
aem-modernize-tools,com.adobe.aem.modernize.policy.rule.impl,NodeBasedPolicyImportRuleTest,beforeEach,4,1,0
aem-modernize-tools,com.adobe.aem.modernize.policy.rule.impl,NodeBasedPolicyImportRuleTest,testApplyTo,12,1,0
aem-modernize-tools,com.adobe.aem.modernize.rule.impl,AbstractRewriteRuleService,getSearchPaths,0,1,0
aem-modernize-tools,com.adobe.aem.modernize.rule.impl,AbstractRewriteRuleService,getServiceRules,3,1,0
aem-modernize-tools,com.adobe.aem.modernize.rule.impl,AbstractRewriteRuleService,listRules,13,3,1
aem-modernize-tools,com.adobe.aem.modernize.rule.impl,AbstractRewriteRuleService,getRule,10,3,2
aem-modernize-tools,com.adobe.aem.modernize.rule.impl,AbstractRewriteRuleService,getServiceRuleMap,3,1,0
aem-modernize-tools,com.adobe.aem.modernize.rule.impl,AbstractRewriteRuleService,create,17,3,2
aem-modernize-tools,com.adobe.aem.modernize.rule.impl,AbstractRewriteRuleService,getNodeRule,9,1,1
aem-modernize-tools,com.adobe.aem.modernize.rule.impl,AbstractRewriteRuleService,listResourceTypes,12,2,1
aem-modernize-tools,com.adobe.aem.modernize.rule.impl,AbstractRewriteRuleService,searchRules,24,3,2
aem-modernize-tools,com.adobe.aem.modernize.rule.impl,AbstractRewriteRuleService,getHitPaths,34,5,2
aem-modernize-tools,com.adobe.aem.modernize.rule.impl,AbstractRewriteRuleService,getRulePathsFromHits,25,6,2
aem-modernize-tools,com.adobe.aem.modernize.rule.impl,AbstractRewriteRuleService,listRules,6,1,2
aem-modernize-tools,com.adobe.aem.modernize.rule.impl,AbstractRewriteRuleService,find,6,1,1
aem-modernize-tools,com.adobe.aem.modernize.rule.impl,AbstractRewriteRuleService,findByNodeRules,36,5,1
aem-modernize-tools,com.adobe.aem.modernize.rule.impl,AbstractRewriteRuleService,findByService,7,2,1
aem-modernize-tools,com.adobe.aem.modernize.rule.impl,AbstractRewriteRuleService,listRulesByNode,16,2,2
aem-modernize-tools,com.adobe.aem.modernize.rule.impl,AbstractRewriteRuleService,listRulesByService,9,3,1
aem-modernize-tools,com.adobe.aem.modernize.rule.impl,AbstractRewriteRuleService,getPatternResourceTypes,11,2,0
aem-modernize-tools,com.adobe.aem.modernize.rule.impl,AbstractRewriteRuleService,getSlingResourceTypes,14,2,1
aem-modernize-tools,com.adobe.aem.modernize.rule.impl,NodeBasedRewriteRule,NodeBasedRewriteRule,6,1,1
aem-modernize-tools,com.adobe.aem.modernize.rule.impl,NodeBasedRewriteRule,getId,3,1,0
aem-modernize-tools,com.adobe.aem.modernize.rule.impl,NodeBasedRewriteRule,getTitle,3,1,0
aem-modernize-tools,com.adobe.aem.modernize.rule.impl,NodeBasedRewriteRule,getRanking,17,3,0
aem-modernize-tools,com.adobe.aem.modernize.rule.impl,NodeBasedRewriteRule,matches,12,4,1
aem-modernize-tools,com.adobe.aem.modernize.rule.impl,NodeBasedRewriteRule,applyTo,62,14,2
aem-modernize-tools,com.adobe.aem.modernize.rule.impl,NodeBasedRewriteRule,processRemovals,26,6,1
aem-modernize-tools,com.adobe.aem.modernize.rule.impl,NodeBasedRewriteRule,createPatternNodeMapping,17,4,2
aem-modernize-tools,com.adobe.aem.modernize.rule.impl,NodeBasedRewriteRule,matchesPattern,10,3,1
aem-modernize-tools,com.adobe.aem.modernize.rule.impl,NodeBasedRewriteRule,matchesAggregate,19,6,1
aem-modernize-tools,com.adobe.aem.modernize.rule.impl,NodeBasedRewriteRule,matches,9,3,2
aem-modernize-tools,com.adobe.aem.modernize.rule.impl,NodeBasedRewriteRule,matchProperties,24,8,2
aem-modernize-tools,com.adobe.aem.modernize.rule.impl,NodeBasedRewriteRule,matchTree,27,8,2
aem-modernize-tools,com.adobe.aem.modernize.rule.impl,NodeBasedRewriteRule,mapProperty,66,13,3
aem-modernize-tools,com.adobe.aem.modernize.rule.impl,NodeBasedRewriteRule,processProperties,37,8,5
aem-modernize-tools,com.adobe.aem.modernize.rule.impl,NodeBasedRewriteRule,equals,6,3,1
aem-modernize-tools,com.adobe.aem.modernize.rule.impl,NodeBasedRewriteRule,hashCode,3,1,0
aem-modernize-tools,com.adobe.aem.modernize.rule.impl,NodeBasedRewriteRule,toString,3,1,0
aem-modernize-tools,com.adobe.aem.modernize.rule.impl,NodeBasedRewriteRule,addCopyChildrenPath,3,1,1
aem-modernize-tools,com.adobe.aem.modernize.rule.impl,NodeBasedRewriteRule,addNodeMapping,6,2,3
aem-modernize-tools,com.adobe.aem.modernize.rule.impl,NodeBasedRewriteRule,addOrder,3,1,2
aem-modernize-tools,com.adobe.aem.modernize.rule.impl,NodeBasedRewriteRule,processCopies,30,7,2
aem-modernize-tools,com.adobe.aem.modernize.rule.impl,NodeBasedRewriteRule,processOrder,6,2,1
aem-modernize-tools,com.adobe.aem.modernize.rule.impl,NodeBasedRewriteRule,AggregateIterator,12,2,2
aem-modernize-tools,com.adobe.aem.modernize.rule.impl,NodeBasedRewriteRule,nextPattern,3,1,0
aem-modernize-tools,com.adobe.aem.modernize.rule.impl,NodeBasedRewriteRule,nextNode,3,1,0
aem-modernize-tools,com.adobe.aem.modernize.rule.impl,NodeBasedRewriteRule,skip,3,1,1
aem-modernize-tools,com.adobe.aem.modernize.rule.impl,NodeBasedRewriteRule,getSize,3,1,0
aem-modernize-tools,com.adobe.aem.modernize.rule.impl,NodeBasedRewriteRule,getPosition,3,1,0
aem-modernize-tools,com.adobe.aem.modernize.rule.impl,NodeBasedRewriteRule,hasNext,3,1,0
aem-modernize-tools,com.adobe.aem.modernize.rule.impl,NodeBasedRewriteRule,next,3,1,0
aem-modernize-tools,com.adobe.aem.modernize.rule.impl,NodeBasedRewriteRule,checkNext,3,1,0
aem-modernize-tools,com.adobe.aem.modernize.rule.impl,TreeStructure,addCopyChildrenPath,3,1,1
aem-modernize-tools,com.adobe.aem.modernize.rule.impl,TreeStructure,addNodeMapping,6,2,3
aem-modernize-tools,com.adobe.aem.modernize.rule.impl,TreeStructure,addOrder,3,1,2
aem-modernize-tools,com.adobe.aem.modernize.rule.impl,TreeStructure,processCopies,30,7,2
aem-modernize-tools,com.adobe.aem.modernize.rule.impl,TreeStructure,processOrder,6,2,1
aem-modernize-tools,com.adobe.aem.modernize.rule.impl,AggregateIterator,AggregateIterator,12,2,2
aem-modernize-tools,com.adobe.aem.modernize.rule.impl,AggregateIterator,nextPattern,3,1,0
aem-modernize-tools,com.adobe.aem.modernize.rule.impl,AggregateIterator,nextNode,3,1,0
aem-modernize-tools,com.adobe.aem.modernize.rule.impl,AggregateIterator,skip,3,1,1
aem-modernize-tools,com.adobe.aem.modernize.rule.impl,AggregateIterator,getSize,3,1,0
aem-modernize-tools,com.adobe.aem.modernize.rule.impl,AggregateIterator,getPosition,3,1,0
aem-modernize-tools,com.adobe.aem.modernize.rule.impl,AggregateIterator,hasNext,3,1,0
aem-modernize-tools,com.adobe.aem.modernize.rule.impl,AggregateIterator,next,3,1,0
aem-modernize-tools,com.adobe.aem.modernize.rule.impl,AggregateIterator,checkNext,3,1,0
aem-modernize-tools,com.adobe.aem.modernize.rule.impl,RewritePropertyProcessors,remove,11,4,0
aem-modernize-tools,com.adobe.aem.modernize.rule.impl,RewritePropertyProcessors,rewrite,15,4,1
aem-modernize-tools,com.adobe.aem.modernize.rule.impl,RewritePropertyProcessors,map,9,3,1
aem-modernize-tools,com.adobe.aem.modernize.rule.impl,RewritePropertyProcessors,consolidate,29,7,1
aem-modernize-tools,com.adobe.aem.modernize.rule.impl,AbstractRewriteRuleServiceTest,beforeEach,6,1,0
aem-modernize-tools,com.adobe.aem.modernize.rule.impl,AbstractRewriteRuleServiceTest,listResourceTypes,10,1,0
aem-modernize-tools,com.adobe.aem.modernize.rule.impl,AbstractRewriteRuleServiceTest,testFindRulesQueryFails,39,2,2
aem-modernize-tools,com.adobe.aem.modernize.rule.impl,AbstractRewriteRuleServiceTest,adaptTo,8,2,2
aem-modernize-tools,com.adobe.aem.modernize.rule.impl,AbstractRewriteRuleServiceTest,testFindComponentsQueryFails,37,2,2
aem-modernize-tools,com.adobe.aem.modernize.rule.impl,AbstractRewriteRuleServiceTest,adaptTo,8,2,2
aem-modernize-tools,com.adobe.aem.modernize.rule.impl,AbstractRewriteRuleServiceTest,testFind,86,2,2
aem-modernize-tools,com.adobe.aem.modernize.rule.impl,AbstractRewriteRuleServiceTest,close,3,1,0
aem-modernize-tools,com.adobe.aem.modernize.rule.impl,AbstractRewriteRuleServiceTest,adaptTo,8,2,2
aem-modernize-tools,com.adobe.aem.modernize.rule.impl,AbstractRewriteRuleServiceTest,testListRules,40,2,2
aem-modernize-tools,com.adobe.aem.modernize.rule.impl,AbstractRewriteRuleServiceTest,close,3,1,0
aem-modernize-tools,com.adobe.aem.modernize.rule.impl,AbstractRewriteRuleServiceTest,adaptTo,8,2,2
aem-modernize-tools,com.adobe.aem.modernize.rule.impl,AbstractRewriteRuleServiceTest,testGetSlingResourceTypes,44,1,0
aem-modernize-tools,com.adobe.aem.modernize.rule.impl,AbstractRewriteRuleServiceTest,buildComponentHits,8,2,0
aem-modernize-tools,com.adobe.aem.modernize.rule.impl,AbstractRewriteRuleServiceTest,listRulesAsHits,8,2,1
aem-modernize-tools,com.adobe.aem.modernize.rule.impl,AbstractRewriteRuleServiceTest,getSearchPaths,3,1,0
aem-modernize-tools,com.adobe.aem.modernize.rule.impl,AbstractRewriteRuleServiceTest,getServiceRules,6,1,0
aem-modernize-tools,com.adobe.aem.modernize.rule.impl,TestRewriteRuleService,getSearchPaths,3,1,0
aem-modernize-tools,com.adobe.aem.modernize.rule.impl,TestRewriteRuleService,getServiceRules,6,1,0
aem-modernize-tools,com.adobe.aem.modernize.rule.impl,NodeBasedRewriteRuleTest,beforeEach,6,1,0
aem-modernize-tools,com.adobe.aem.modernize.rule.impl,NodeBasedRewriteRuleTest,testRanking,9,1,0
aem-modernize-tools,com.adobe.aem.modernize.rule.impl,NodeBasedRewriteRuleTest,testToString,5,1,0
aem-modernize-tools,com.adobe.aem.modernize.rule.impl,NodeBasedRewriteRuleTest,testDoesNotMatch,51,1,0
aem-modernize-tools,com.adobe.aem.modernize.rule.impl,NodeBasedRewriteRuleTest,testMatches,15,1,0
aem-modernize-tools,com.adobe.aem.modernize.rule.impl,NodeBasedRewriteRuleTest,testLikeMatches,8,1,0
aem-modernize-tools,com.adobe.aem.modernize.rule.impl,NodeBasedRewriteRuleTest,testReplacementRemoved,6,1,0
aem-modernize-tools,com.adobe.aem.modernize.rule.impl,NodeBasedRewriteRuleTest,testRemoveApplyTo,16,1,0
aem-modernize-tools,com.adobe.aem.modernize.rule.impl,NodeBasedRewriteRuleTest,testSimpleApplyTo,11,1,0
aem-modernize-tools,com.adobe.aem.modernize.rule.impl,NodeBasedRewriteRuleTest,testCopyChildrenApplyTo,13,1,0
aem-modernize-tools,com.adobe.aem.modernize.rule.impl,NodeBasedRewriteRuleTest,testCopyChildrenNestedApplyTo,13,1,0
aem-modernize-tools,com.adobe.aem.modernize.rule.impl,NodeBasedRewriteRuleTest,testCopyChildrenOrderApplyTo,15,1,0
aem-modernize-tools,com.adobe.aem.modernize.rule.impl,NodeBasedRewriteRuleTest,testMapPropertiesApplyTo,29,1,0
aem-modernize-tools,com.adobe.aem.modernize.rule.impl,NodeBasedRewriteRuleTest,testRewriteMapChildrenApplyTo,15,1,0
aem-modernize-tools,com.adobe.aem.modernize.rule.impl,NodeBasedRewriteRuleTest,testRewriteMapChildrenNestedApplyTo,15,1,0
aem-modernize-tools,com.adobe.aem.modernize.rule.impl,NodeBasedRewriteRuleTest,testRewriteFinalApplyTo,14,1,0
aem-modernize-tools,com.adobe.aem.modernize.rule.impl,NodeBasedRewriteRuleTest,testReplacementRewriteFinalApplyTo,13,1,0
aem-modernize-tools,com.adobe.aem.modernize.rule.impl,NodeBasedRewriteRuleTest,testRewritePropertiesApplyTo,17,1,0
aem-modernize-tools,com.adobe.aem.modernize.rule.impl,NodeBasedRewriteRuleTest,testRewriteConsolidatePropertiesApplyTo,23,1,0
aem-modernize-tools,com.adobe.aem.modernize.rule.impl,NodeBasedRewriteRuleTest,testRewriteMapPropertiesApplyTo,31,1,0
aem-modernize-tools,com.adobe.aem.modernize.rule.impl,NodeBasedRewriteRuleTest,testAggregateApplyTo,18,1,0
aem-modernize-tools,com.adobe.aem.modernize.rule,RewriteRule,getTitle,3,1,0
aem-modernize-tools,com.adobe.aem.modernize.rule,RewriteRule,getId,0,1,0
aem-modernize-tools,com.adobe.aem.modernize.rule,RewriteRule,matches,0,1,1
aem-modernize-tools,com.adobe.aem.modernize.rule,RewriteRule,applyTo,0,1,2
aem-modernize-tools,com.adobe.aem.modernize.rule,RewriteRule,compareTo,3,1,1
aem-modernize-tools,com.adobe.aem.modernize.rule,RewriteRule,getRanking,3,1,0
aem-modernize-tools,com.adobe.aem.modernize.rule,RewriteRule,compare,3,1,2
aem-modernize-tools,com.adobe.aem.modernize.rule,Comparator,compare,3,1,2
aem-modernize-tools,com.adobe.aem.modernize.rule,RewriteRuleService,find,0,1,1
aem-modernize-tools,com.adobe.aem.modernize.rule,RewriteRuleService,listRules,0,1,2
aem-modernize-tools,com.adobe.aem.modernize.rule,RewriteRuleService,listRules,0,1,1
aem-modernize-tools,com.adobe.aem.modernize.rule,RewriteRuleService,getRule,0,1,2
aem-modernize-tools,com.adobe.aem.modernize.rule,ServiceBasedRewriteRule,findMatches,0,1,1
aem-modernize-tools,com.adobe.aem.modernize.rule,ServiceBasedRewriteRule,hasPattern,0,1,1
aem-modernize-tools,com.adobe.aem.modernize.servlet,AbstractListConversionPathsServlet,doGet,20,4,2
aem-modernize-tools,com.adobe.aem.modernize.servlet,AbstractListConversionPathsServlet,listPaths,0,1,2
aem-modernize-tools,com.adobe.aem.modernize.servlet,AbstractListConversionPathsServlet,writeResponse,5,1,3
aem-modernize-tools,com.adobe.aem.modernize.servlet,AbstractRulesServlet,doGet,45,6,2
aem-modernize-tools,com.adobe.aem.modernize.servlet,AbstractRulesServlet,getPageContent,9,2,2
aem-modernize-tools,com.adobe.aem.modernize.servlet,AbstractRulesServlet,getOriginalPageContent,20,3,1
aem-modernize-tools,com.adobe.aem.modernize.servlet,AbstractRulesServlet,gatherPaths,16,3,1
aem-modernize-tools,com.adobe.aem.modernize.servlet,AbstractRulesServlet,visit,6,2,1
aem-modernize-tools,com.adobe.aem.modernize.servlet,AbstractRulesServlet,listRules,15,3,1
aem-modernize-tools,com.adobe.aem.modernize.servlet,AbstractRulesServlet,writeResponse,5,1,3
aem-modernize-tools,com.adobe.aem.modernize.servlet,AbstractRulesServlet,listPaths,0,1,2
aem-modernize-tools,com.adobe.aem.modernize.servlet,AbstractRulesServlet,getRewriteRuleService,0,1,0
aem-modernize-tools,com.adobe.aem.modernize.servlet,ComponentRulesServlet,listPaths,7,2,2
aem-modernize-tools,com.adobe.aem.modernize.servlet,ComponentRulesServlet,getRewriteRuleService,3,1,0
aem-modernize-tools,com.adobe.aem.modernize.servlet,ListChildrenServlet,doGet,25,4,2
aem-modernize-tools,com.adobe.aem.modernize.servlet,ListChildrenServlet,getRequestData,9,2,1
aem-modernize-tools,com.adobe.aem.modernize.servlet,ListChildrenServlet,writeResponse,5,1,3
aem-modernize-tools,com.adobe.aem.modernize.servlet,ListComponentsServlet,listPaths,29,5,2
aem-modernize-tools,com.adobe.aem.modernize.servlet,ListDesignsServlet,listPaths,25,4,2
aem-modernize-tools,com.adobe.aem.modernize.servlet,PolicyRulesServlet,listPaths,27,4,2
aem-modernize-tools,com.adobe.aem.modernize.servlet,PolicyRulesServlet,getRewriteRuleService,3,1,0
aem-modernize-tools,com.adobe.aem.modernize.servlet,ScheduleConversionJobServlet,doPost,36,3,2
aem-modernize-tools,com.adobe.aem.modernize.servlet,ScheduleConversionJobServlet,getJobData,12,2,1
aem-modernize-tools,com.adobe.aem.modernize.servlet,ScheduleConversionJobServlet,checkPermissions,37,10,2
aem-modernize-tools,com.adobe.aem.modernize.servlet,ScheduleConversionJobServlet,createBuckets,22,5,1
aem-modernize-tools,com.adobe.aem.modernize.servlet,ScheduleConversionJobServlet,createTrackingState,10,2,4
aem-modernize-tools,com.adobe.aem.modernize.servlet,ScheduleConversionJobServlet,createTrackingNode,18,1,3
aem-modernize-tools,com.adobe.aem.modernize.servlet,ScheduleConversionJobServlet,addBucketNode,5,1,3
aem-modernize-tools,com.adobe.aem.modernize.servlet,ScheduleConversionJobServlet,scheduleJobs,15,3,3
aem-modernize-tools,com.adobe.aem.modernize.servlet,ScheduleConversionJobServlet,writeResponse,5,1,3
aem-modernize-tools,com.adobe.aem.modernize.servlet,TemplateRulesServlet,listPaths,7,2,2
aem-modernize-tools,com.adobe.aem.modernize.servlet,TemplateRulesServlet,getRewriteRuleService,3,1,0
aem-modernize-tools,com.adobe.aem.modernize.servlet,AbstractListConversionPathsServletTest,beforeEach,3,1,0
aem-modernize-tools,com.adobe.aem.modernize.servlet,AbstractListConversionPathsServletTest,invalidJobData,6,1,0
aem-modernize-tools,com.adobe.aem.modernize.servlet,AbstractListConversionPathsServletTest,invalidPath,9,1,0
aem-modernize-tools,com.adobe.aem.modernize.servlet,AbstractListConversionPathsServletTest,pathNotPage,13,1,0
aem-modernize-tools,com.adobe.aem.modernize.servlet,AbstractListConversionPathsServletTest,testDoGetSuccess,12,1,0
aem-modernize-tools,com.adobe.aem.modernize.servlet,AbstractListConversionPathsServletTest,listPaths,5,1,2
aem-modernize-tools,com.adobe.aem.modernize.servlet,MockListPathsServlet,listPaths,5,1,2
aem-modernize-tools,com.adobe.aem.modernize.servlet,AbstractRulesServletTest,beforeEach,3,1,0
aem-modernize-tools,com.adobe.aem.modernize.servlet,AbstractRulesServletTest,getPageContentNoReprocess,9,1,0
aem-modernize-tools,com.adobe.aem.modernize.servlet,AbstractRulesServletTest,getPageContentReprocess,15,1,0
aem-modernize-tools,com.adobe.aem.modernize.servlet,AbstractRulesServletTest,getOriginalPageContent,3,1,1
aem-modernize-tools,com.adobe.aem.modernize.servlet,AbstractRulesServletTest,getOriginalPageContentNoModernizeVersion,7,1,0
aem-modernize-tools,com.adobe.aem.modernize.servlet,AbstractRulesServletTest,getOriginalPageContentRevisionMissing,20,1,1
aem-modernize-tools,com.adobe.aem.modernize.servlet,AbstractRulesServletTest,getRevisions,4,1,2
aem-modernize-tools,com.adobe.aem.modernize.servlet,AbstractRulesServletTest,getOriginalPageContentRevisionFails,13,1,0
aem-modernize-tools,com.adobe.aem.modernize.servlet,AbstractRulesServletTest,getRevisions,4,1,2
aem-modernize-tools,com.adobe.aem.modernize.servlet,AbstractRulesServletTest,getOriginalPageContentFrozenFails,24,1,2
aem-modernize-tools,com.adobe.aem.modernize.servlet,AbstractRulesServletTest,getRevisions,4,1,2
aem-modernize-tools,com.adobe.aem.modernize.servlet,AbstractRulesServletTest,getOriginalPageContentSuccess,26,1,2
aem-modernize-tools,com.adobe.aem.modernize.servlet,AbstractRulesServletTest,getRevisions,4,1,2
aem-modernize-tools,com.adobe.aem.modernize.servlet,AbstractRulesServletTest,invalidRequests,24,1,0
aem-modernize-tools,com.adobe.aem.modernize.servlet,AbstractRulesServletTest,noListedPaths,17,1,0
aem-modernize-tools,com.adobe.aem.modernize.servlet,AbstractRulesServletTest,ruleInfoReturned,65,3,0
aem-modernize-tools,com.adobe.aem.modernize.servlet,AbstractRulesServletTest,delegate,3,1,1
aem-modernize-tools,com.adobe.aem.modernize.servlet,AbstractRulesServletTest,listRulesNoMatching,13,1,0
aem-modernize-tools,com.adobe.aem.modernize.servlet,AbstractRulesServletTest,listRulesSuccess,32,1,0
aem-modernize-tools,com.adobe.aem.modernize.servlet,AbstractRulesServletTest,MockRulesServlet,3,1,0
aem-modernize-tools,com.adobe.aem.modernize.servlet,AbstractRulesServletTest,MockRulesServlet,3,1,1
aem-modernize-tools,com.adobe.aem.modernize.servlet,AbstractRulesServletTest,listPaths,3,1,2
aem-modernize-tools,com.adobe.aem.modernize.servlet,AbstractRulesServletTest,getRewriteRuleService,3,1,0
aem-modernize-tools,com.adobe.aem.modernize.servlet,MockRulesServlet,MockRulesServlet,3,1,0
aem-modernize-tools,com.adobe.aem.modernize.servlet,MockRulesServlet,MockRulesServlet,3,1,1
aem-modernize-tools,com.adobe.aem.modernize.servlet,MockRulesServlet,listPaths,3,1,2
aem-modernize-tools,com.adobe.aem.modernize.servlet,MockRulesServlet,getRewriteRuleService,3,1,0
aem-modernize-tools,com.adobe.aem.modernize.servlet,ComponentRulesServletTest,beforeEach,3,1,0
aem-modernize-tools,com.adobe.aem.modernize.servlet,ComponentRulesServletTest,listPathsSuccess,9,1,0
aem-modernize-tools,com.adobe.aem.modernize.servlet,ComponentRulesServletTest,listPathsNotFound,13,1,0
aem-modernize-tools,com.adobe.aem.modernize.servlet,ComponentRulesServletTest,getPageContent,3,1,2
aem-modernize-tools,com.adobe.aem.modernize.servlet,ListChildrenServletTest,beforeEach,3,1,0
aem-modernize-tools,com.adobe.aem.modernize.servlet,ListChildrenServletTest,invalidJobData,6,1,0
aem-modernize-tools,com.adobe.aem.modernize.servlet,ListChildrenServletTest,invalidPath,9,1,0
aem-modernize-tools,com.adobe.aem.modernize.servlet,ListChildrenServletTest,testDoGetDirect,14,1,0
aem-modernize-tools,com.adobe.aem.modernize.servlet,ListChildrenServletTest,testDoGetDepth,19,3,0
aem-modernize-tools,com.adobe.aem.modernize.servlet,ListComponentsServletTest,beforeEach,3,1,0
aem-modernize-tools,com.adobe.aem.modernize.servlet,ListComponentsServletTest,testDoGetSuccess,25,1,0
aem-modernize-tools,com.adobe.aem.modernize.servlet,ListDesignsServletTest,beforeEach,4,1,0
aem-modernize-tools,com.adobe.aem.modernize.servlet,ListDesignsServletTest,testNoStyle,29,2,0
aem-modernize-tools,com.adobe.aem.modernize.servlet,ListDesignsServletTest,adaptTo,8,2,2
aem-modernize-tools,com.adobe.aem.modernize.servlet,ListDesignsServletTest,testDoGetSuccessSuper,67,2,0
aem-modernize-tools,com.adobe.aem.modernize.servlet,ListDesignsServletTest,adaptTo,8,2,2
aem-modernize-tools,com.adobe.aem.modernize.servlet,ListDesignsServletTest,delegate,3,1,0
aem-modernize-tools,com.adobe.aem.modernize.servlet,ListDesignsServletTest,testDoGetSuccessShallow,46,2,0
aem-modernize-tools,com.adobe.aem.modernize.servlet,ListDesignsServletTest,adaptTo,8,2,2
aem-modernize-tools,com.adobe.aem.modernize.servlet,PolicyRulesServletTest,beforeEach,4,1,0
aem-modernize-tools,com.adobe.aem.modernize.servlet,PolicyRulesServletTest,testNoStyle,24,2,0
aem-modernize-tools,com.adobe.aem.modernize.servlet,PolicyRulesServletTest,adaptTo,8,2,2
aem-modernize-tools,com.adobe.aem.modernize.servlet,PolicyRulesServletTest,listPathsSuccess,45,2,0
aem-modernize-tools,com.adobe.aem.modernize.servlet,PolicyRulesServletTest,adaptTo,8,2,2
aem-modernize-tools,com.adobe.aem.modernize.servlet,PolicyRulesServletTest,delegate,3,1,1
aem-modernize-tools,com.adobe.aem.modernize.servlet,PolicyRulesServletTest,delegate,3,1,0
aem-modernize-tools,com.adobe.aem.modernize.servlet,PolicyRulesServletTest,listPathsSupertype,58,2,0
aem-modernize-tools,com.adobe.aem.modernize.servlet,PolicyRulesServletTest,adaptTo,8,2,2
aem-modernize-tools,com.adobe.aem.modernize.servlet,PolicyRulesServletTest,delegate,3,1,1
aem-modernize-tools,com.adobe.aem.modernize.servlet,PolicyRulesServletTest,delegate,3,1,0
aem-modernize-tools,com.adobe.aem.modernize.servlet,ScheduleConversionJobServletTest,buildJobData,21,2,0
aem-modernize-tools,com.adobe.aem.modernize.servlet,ScheduleConversionJobServletTest,invalidJobData,10,1,0
aem-modernize-tools,com.adobe.aem.modernize.servlet,ScheduleConversionJobServletTest,noPermissionsJobDataPath,27,1,0
aem-modernize-tools,com.adobe.aem.modernize.servlet,ScheduleConversionJobServletTest,getAccessControlManager,3,1,0
aem-modernize-tools,com.adobe.aem.modernize.servlet,ScheduleConversionJobServletTest,noPermissionsSinglePath,29,1,0
aem-modernize-tools,com.adobe.aem.modernize.servlet,ScheduleConversionJobServletTest,getAccessControlManager,3,1,0
aem-modernize-tools,com.adobe.aem.modernize.servlet,ScheduleConversionJobServletTest,noPermissionsMultiplePaths,31,1,0
aem-modernize-tools,com.adobe.aem.modernize.servlet,ScheduleConversionJobServletTest,getAccessControlManager,3,1,0
aem-modernize-tools,com.adobe.aem.modernize.servlet,ScheduleConversionJobServletTest,noPermissionDesign,62,3,0
aem-modernize-tools,com.adobe.aem.modernize.servlet,ScheduleConversionJobServletTest,getAccessControlManager,3,1,0
aem-modernize-tools,com.adobe.aem.modernize.servlet,ScheduleConversionJobServletTest,adaptTo,11,3,2
aem-modernize-tools,com.adobe.aem.modernize.servlet,ScheduleConversionJobServletTest,noPermissionConf,39,1,0
aem-modernize-tools,com.adobe.aem.modernize.servlet,ScheduleConversionJobServletTest,getAccessControlManager,3,1,0
aem-modernize-tools,com.adobe.aem.modernize.servlet,ScheduleConversionJobServletTest,testTrackingState,49,1,0
aem-modernize-tools,com.adobe.aem.modernize.servlet,ScheduleConversionJobServletTest,getAccessControlManager,3,1,0
aem-modernize-tools,com.adobe.aem.modernize.servlet,ScheduleConversionJobServletTest,testJobSchedulingFails,32,1,0
aem-modernize-tools,com.adobe.aem.modernize.servlet,ScheduleConversionJobServletTest,getAccessControlManager,3,1,0
aem-modernize-tools,com.adobe.aem.modernize.servlet,ScheduleConversionJobServletTest,testFullJobScheduling,38,1,0
aem-modernize-tools,com.adobe.aem.modernize.servlet,ScheduleConversionJobServletTest,getAccessControlManager,3,1,0
aem-modernize-tools,com.adobe.aem.modernize.servlet,TemplateRulesServletTest,beforeEach,3,1,0
aem-modernize-tools,com.adobe.aem.modernize.servlet,TemplateRulesServletTest,listPathsSuccess,8,1,0
aem-modernize-tools,com.adobe.aem.modernize.servlet,TemplateRulesServletTest,listPathsNotFound,13,1,0
aem-modernize-tools,com.adobe.aem.modernize.servlet,TemplateRulesServletTest,getPageContent,3,1,2
aem-modernize-tools,com.adobe.aem.modernize.servlet.rule,AbstractListRulesServlet,doPost,26,5,2
aem-modernize-tools,com.adobe.aem.modernize.servlet.rule,AbstractListRulesServlet,writeResponse,5,1,5
aem-modernize-tools,com.adobe.aem.modernize.servlet.rule,AbstractListRulesServlet,getRules,4,1,2
aem-modernize-tools,com.adobe.aem.modernize.servlet.rule,AbstractListRulesServlet,getRewriteRuleService,0,1,0
aem-modernize-tools,com.adobe.aem.modernize.servlet.rule,ListComponentRulesServlet,getRewriteRuleService,3,1,0
aem-modernize-tools,com.adobe.aem.modernize.servlet.rule,ListPolicyRulesServlet,getRewriteRuleService,3,1,0
aem-modernize-tools,com.adobe.aem.modernize.servlet.rule,ListTemplateRulesServlet,getRules,7,2,2
aem-modernize-tools,com.adobe.aem.modernize.servlet.rule,ListTemplateRulesServlet,addOriginalResourceType,26,6,3
aem-modernize-tools,com.adobe.aem.modernize.servlet.rule,ListTemplateRulesServlet,getRewriteRuleService,3,1,0
aem-modernize-tools,com.adobe.aem.modernize.servlet.rule,PageInfoServlet,doGet,42,7,2
aem-modernize-tools,com.adobe.aem.modernize.servlet.rule,PageInfoServlet,writeResponse,5,1,3
aem-modernize-tools,com.adobe.aem.modernize.servlet.rule,AbstractListRulesServletTest,beforeEach,3,1,0
aem-modernize-tools,com.adobe.aem.modernize.servlet.rule,AbstractListRulesServletTest,invalidRequests,34,1,0
aem-modernize-tools,com.adobe.aem.modernize.servlet.rule,AbstractListRulesServletTest,listRules,21,1,0
aem-modernize-tools,com.adobe.aem.modernize.servlet.rule,AbstractListRulesServletTest,getRewriteRuleService,20,1,0
aem-modernize-tools,com.adobe.aem.modernize.servlet.rule,AbstractListRulesServletTest,find,3,1,1
aem-modernize-tools,com.adobe.aem.modernize.servlet.rule,AbstractListRulesServletTest,listRules,6,1,2
aem-modernize-tools,com.adobe.aem.modernize.servlet.rule,AbstractListRulesServletTest,listRules,3,1,1
aem-modernize-tools,com.adobe.aem.modernize.servlet.rule,AbstractListRulesServletTest,getRule,3,1,2
aem-modernize-tools,com.adobe.aem.modernize.servlet.rule,MockListRulesServlet,getRewriteRuleService,20,1,0
aem-modernize-tools,com.adobe.aem.modernize.servlet.rule,MockListRulesServlet,find,3,1,1
aem-modernize-tools,com.adobe.aem.modernize.servlet.rule,MockListRulesServlet,listRules,6,1,2
aem-modernize-tools,com.adobe.aem.modernize.servlet.rule,MockListRulesServlet,listRules,3,1,1
aem-modernize-tools,com.adobe.aem.modernize.servlet.rule,MockListRulesServlet,getRule,3,1,2
aem-modernize-tools,com.adobe.aem.modernize.servlet.rule,ListComponentRulesServletTest,beforeEach,3,1,0
aem-modernize-tools,com.adobe.aem.modernize.servlet.rule,ListComponentRulesServletTest,testComponentRules,38,1,0
aem-modernize-tools,com.adobe.aem.modernize.servlet.rule,ListPolicyRulesServletTest,beforeEach,3,1,0
aem-modernize-tools,com.adobe.aem.modernize.servlet.rule,ListPolicyRulesServletTest,testPolicyRules,33,1,0
aem-modernize-tools,com.adobe.aem.modernize.servlet.rule,ListTemplateRulesServletTest,beforeEach,3,1,0
aem-modernize-tools,com.adobe.aem.modernize.servlet.rule,ListTemplateRulesServletTest,testTemplateRules,31,1,0
aem-modernize-tools,com.adobe.aem.modernize.servlet.rule,ListTemplateRulesServletTest,testTemplateRulesReprocessNoRevision,39,1,0
aem-modernize-tools,com.adobe.aem.modernize.servlet.rule,ListTemplateRulesServletTest,getRevisions,4,1,2
aem-modernize-tools,com.adobe.aem.modernize.structure.impl,StructureRewriteRuleServiceImpl,getSearchPaths,3,1,0
aem-modernize-tools,com.adobe.aem.modernize.structure.impl,StructureRewriteRuleServiceImpl,apply,3,1,2
aem-modernize-tools,com.adobe.aem.modernize.structure.impl,StructureRewriteRuleServiceImpl,apply,27,5,2
aem-modernize-tools,com.adobe.aem.modernize.structure.impl,StructureRewriteRuleServiceImpl,bindRule,4,1,2
aem-modernize-tools,com.adobe.aem.modernize.structure.impl,StructureRewriteRuleServiceImpl,unbindRule,4,1,2
aem-modernize-tools,com.adobe.aem.modernize.structure.impl,StructureRewriteRuleServiceImplTest,beforeEach,19,1,0
aem-modernize-tools,com.adobe.aem.modernize.structure.impl,StructureRewriteRuleServiceImplTest,apply,17,1,0
aem-modernize-tools,com.adobe.aem.modernize.structure.job,PageStructureJobExecutor,doProcess,46,7,3
aem-modernize-tools,com.adobe.aem.modernize.structure.job,PageStructureJobExecutor,getResourceResolverFactory,3,1,0
aem-modernize-tools,com.adobe.aem.modernize.structure.job,PageStructureJobExecutorTest,beforeEach,7,1,0
aem-modernize-tools,com.adobe.aem.modernize.structure.job,PageStructureJobExecutorTest,pathsNotPage,17,1,0
aem-modernize-tools,com.adobe.aem.modernize.structure.job,PageStructureJobExecutorTest,createVersionManagementFails,29,1,0
aem-modernize-tools,com.adobe.aem.modernize.structure.job,PageStructureJobExecutorTest,createRevision,3,1,3
aem-modernize-tools,com.adobe.aem.modernize.structure.job,PageStructureJobExecutorTest,restore,3,1,2
aem-modernize-tools,com.adobe.aem.modernize.structure.job,PageStructureJobExecutorTest,doProcessNoReprocess,43,1,0
aem-modernize-tools,com.adobe.aem.modernize.structure.job,PageStructureJobExecutorTest,createRevision,6,1,3
aem-modernize-tools,com.adobe.aem.modernize.structure.job,PageStructureJobExecutorTest,copy,5,1,6
aem-modernize-tools,com.adobe.aem.modernize.structure.job,PageStructureJobExecutorTest,doProcessReprocess,45,2,0
aem-modernize-tools,com.adobe.aem.modernize.structure.job,PageStructureJobExecutorTest,createRevision,6,1,3
aem-modernize-tools,com.adobe.aem.modernize.structure.job,PageStructureJobExecutorTest,restore,7,2,2
aem-modernize-tools,com.adobe.aem.modernize.structure.job,PageStructureJobExecutorTest,doProcessTargetPath,48,2,0
aem-modernize-tools,com.adobe.aem.modernize.structure.job,PageStructureJobExecutorTest,createRevision,6,1,3
aem-modernize-tools,com.adobe.aem.modernize.structure.job,PageStructureJobExecutorTest,restore,7,2,2
aem-modernize-tools,com.adobe.aem.modernize.structure.job,PageStructureJobExecutorTest,copy,3,1,6
aem-modernize-tools,com.adobe.aem.modernize.structure,StructureRewriteRuleService,apply,0,1,2
aem-modernize-tools,com.adobe.aem.modernize.structure,StructureRewriteRuleService,apply,0,1,2
aem-modernize-tools,com.adobe.aem.modernize.structure.rule,PageRewriteRule,getTitle,3,1,0
aem-modernize-tools,com.adobe.aem.modernize.structure.rule,PageRewriteRule,getId,3,1,0
aem-modernize-tools,com.adobe.aem.modernize.structure.rule,PageRewriteRule,matches,24,6,1
aem-modernize-tools,com.adobe.aem.modernize.structure.rule,PageRewriteRule,applyTo,31,6,2
aem-modernize-tools,com.adobe.aem.modernize.structure.rule,PageRewriteRule,getRanking,3,1,0
aem-modernize-tools,com.adobe.aem.modernize.structure.rule,PageRewriteRule,getResourceType,11,3,1
aem-modernize-tools,com.adobe.aem.modernize.structure.rule,PageRewriteRule,moveRenamedNodes,43,8,3
aem-modernize-tools,com.adobe.aem.modernize.structure.rule,PageRewriteRule,moveRemainingNodes,30,7,3
aem-modernize-tools,com.adobe.aem.modernize.structure.rule,PageRewriteRule,orderNodes,16,5,1
aem-modernize-tools,com.adobe.aem.modernize.structure.rule,PageRewriteRule,findMatches,16,4,1
aem-modernize-tools,com.adobe.aem.modernize.structure.rule,PageRewriteRule,hasPattern,3,1,1
aem-modernize-tools,com.adobe.aem.modernize.structure.rule,PageRewriteRule,activate,71,16,2
aem-modernize-tools,com.adobe.aem.modernize.structure.rule,PageRewriteRuleTest,beforeEach,5,1,0
aem-modernize-tools,com.adobe.aem.modernize.structure.rule,PageRewriteRuleTest,testActivate,68,1,0
aem-modernize-tools,com.adobe.aem.modernize.structure.rule,PageRewriteRuleTest,hasPattern,14,1,0
aem-modernize-tools,com.adobe.aem.modernize.structure.rule,PageRewriteRuleTest,findMatches,26,1,0
aem-modernize-tools,com.adobe.aem.modernize.structure.rule,PageRewriteRuleTest,matches,31,1,0
aem-modernize-tools,com.adobe.aem.modernize.structure.rule,PageRewriteRuleTest,applyTo,44,1,0
